{"cube8_cluster0":{"x":691.9501942473385,"fx":691.9501942473385,"y":186.5468991133293,"fy":186.5468991133293},"cube8_cluster1":{"x":849.9809868747496,"fx":849.9809868747496,"y":347.3625584971503,"fy":347.3625584971503},"cube8_cluster2-cube9_cluster3-cube13_cluster3":{"x":770.7347916273978,"fx":770.7347916273978,"y":260.3564784631112,"fy":260.3564784631112},"cube8_cluster3":{"x":863.416243194235,"fx":863.416243194235,"y":292.98727646142726,"fy":292.98727646142726},"cube8_cluster4-cube13_cluster1":{"x":875.7138747634161,"fx":875.7138747634161,"y":321.2486068810927,"fy":321.2486068810927},"cube9_cluster0":{"x":844.2806491817223,"fx":844.2806491817223,"y":222.04434719931248,"fy":222.04434719931248},"cube9_cluster1":{"x":875.27202425078,"fx":875.27202425078,"y":304.5006357458398,"fy":304.5006357458398},"cube9_cluster2":{"x":680.7575040040244,"fx":680.7575040040244,"y":194.00665077100905,"fy":194.00665077100905},"cube9_cluster4":{"x":805.9736901014844,"fx":805.9736901014844,"y":187.69850417030725,"fy":187.69850417030725},"cube11_cluster0-cube12_cluster3-cube17_cluster2":{"x":696.8931265680044,"fx":696.8931265680044,"y":342.9646416223027,"fy":342.9646416223027},"cube11_cluster1":{"x":714.3610009689274,"fx":714.3610009689274,"y":179.71167319371497,"fy":179.71167319371497},"cube11_cluster2":{"x":735.5597116650719,"fx":735.5597116650719,"y":278.46036112073784,"fy":278.46036112073784},"cube11_cluster3":{"x":839.4750827675533,"fx":839.4750827675533,"y":338.7480045644054,"fy":338.7480045644054},"cube11_cluster4":{"x":755.0043405492231,"fx":755.0043405492231,"y":286.47222973732295,"fy":286.47222973732295},"cube12_cluster0":{"x":853.6972982873546,"fx":853.6972982873546,"y":319.2976593236346,"fy":319.2976593236346},"cube12_cluster1":{"x":758.9554303198651,"fx":758.9554303198651,"y":270.63625823942175,"fy":270.63625823942175},"cube12_cluster2":{"x":698.9649483413763,"fx":698.9649483413763,"y":172.87377590738038,"fy":172.87377590738038},"cube12_cluster4":{"x":731.4961123681255,"fx":731.4961123681255,"y":465.6077173652427,"fy":465.6077173652427},"cube13_cluster0":{"x":851.4645270261234,"fx":851.4645270261234,"y":299.8714508949272,"fy":299.8714508949272},"cube13_cluster2":{"x":852.7730862900054,"fx":852.7730862900054,"y":229.63677314560528,"fy":229.63677314560528},"cube13_cluster4":{"x":857.0204822098503,"fx":857.0204822098503,"y":330.32353864048633,"fy":330.32353864048633},"cube15_cluster0":{"x":733.2410543671617,"fx":733.2410543671617,"y":411.05556905124604,"fy":411.05556905124604},"cube15_cluster1":{"x":711.6514490829244,"fx":711.6514490829244,"y":425.1919171150564,"fy":425.1919171150564},"cube15_cluster2":{"x":723.6887395583624,"fx":723.6887395583624,"y":358.4160429009436,"fy":358.4160429009436},"cube15_cluster3":{"x":594.1082395623375,"fx":594.1082395623375,"y":267.2541937937726,"fy":267.2541937937726},"cube15_cluster4":{"x":653.6113244530047,"fx":653.6113244530047,"y":348.02687255634504,"fy":348.02687255634504},"cube16_cluster0":{"x":689.4845957107658,"fx":689.4845957107658,"y":354.7222461758383,"fy":354.7222461758383},"cube16_cluster1":{"x":735.8343418559683,"fx":735.8343418559683,"y":306.3466377356167,"fy":306.3466377356167},"cube16_cluster2":{"x":733.0229549357576,"fx":733.0229549357576,"y":429.06230836014356,"fy":429.06230836014356},"cube16_cluster3":{"x":733.8667522986984,"fx":733.8667522986984,"y":180.20044042882543,"fy":180.20044042882543},"cube16_cluster4":{"x":607.6615163945714,"fx":607.6615163945714,"y":264.4172835996243,"fy":264.4172835996243},"cube17_cluster0":{"x":742.2913265877354,"fx":742.2913265877354,"y":267.3782672233002,"fy":267.3782672233002},"cube17_cluster1":{"x":746.482419147344,"fx":746.482419147344,"y":180.00939718890842,"fy":180.00939718890842},"cube17_cluster3":{"x":720.1194520731059,"fx":720.1194520731059,"y":450.4953695456922,"fy":450.4953695456922},"cube17_cluster4":{"x":684.158866867191,"fx":684.158866867191,"y":340.7178568141821,"fy":340.7178568141821},"cube18_cluster0":{"x":650.8505680000214,"fx":650.8505680000214,"y":377.88598797075224,"fy":377.88598797075224},"cube18_cluster1":{"x":760.1817299936483,"fx":760.1817299936483,"y":405.6621796393082,"fy":405.6621796393082},"cube18_cluster2":{"x":692.7528996164219,"fx":692.7528996164219,"y":436.3227345205809,"fy":436.3227345205809},"cube18_cluster3":{"x":613.8565123429723,"fx":613.8565123429723,"y":288.53296191760694,"fy":288.53296191760694},"cube18_cluster4":{"x":741.6939107733025,"fx":741.6939107733025,"y":363.0997226822074,"fy":363.0997226822074},"cube19_cluster0":{"x":690.4661692686801,"fx":690.4661692686801,"y":397.44478250501487,"fy":397.44478250501487},"cube19_cluster1":{"x":630.7044376594034,"fx":630.7044376594034,"y":337.2634385443132,"fy":337.2634385443132},"cube19_cluster2":{"x":726.4537457316636,"fx":726.4537457316636,"y":382.9918505951347,"fy":382.9918505951347},"cube19_cluster3":{"x":593.5032376381649,"fx":593.5032376381649,"y":287.09465370030006,"fy":287.09465370030006},"cube19_cluster4":{"x":678.759617234126,"fx":678.759617234126,"y":422.7395458727321,"fy":422.7395458727321},"cube21_cluster0":{"x":610.2813171114747,"fx":610.2813171114747,"y":326.2504363573475,"fy":326.2504363573475},"cube21_cluster1":{"x":662.4630298444617,"fx":662.4630298444617,"y":416.26896428597206,"fy":416.26896428597206},"cube21_cluster2":{"x":765.0870330427174,"fx":765.0870330427174,"y":380.7417857249996,"fy":380.7417857249996},"cube21_cluster3":{"x":638.8623548983435,"fx":638.8623548983435,"y":411.2758556886057,"fy":411.2758556886057},"cube21_cluster4":{"x":633.2599602572211,"fx":633.2599602572211,"y":371.8717534552719,"fy":371.8717534552719},"cube22_cluster0":{"x":617.171511225137,"fx":617.171511225137,"y":354.38177429187226,"fy":354.38177429187226},"cube22_cluster1":{"x":646.9031091117854,"fx":646.9031091117854,"y":394.2079625528166,"fy":394.2079625528166},"cube22_cluster2":{"x":650.076631491021,"fx":650.076631491021,"y":428.7950364795066,"fy":428.7950364795066},"cube22_cluster3":{"x":676.7449314928257,"fx":676.7449314928257,"y":434.0915019414286,"fy":434.0915019414286},"cube22_cluster4":{"x":606.219451247915,"fx":606.219451247915,"y":308.261685001971,"fy":308.261685001971}}